,Type,Song,created_utc,score,url
5,SONG,[FRESH VIDEO] The Weeknd - Sacrifice (Official Music Video),1641585600.0,265,https://youtu.be/VafTMsrnSTU
9,SONG,[FRESH] Earl Sweatshirt- Titanic,1641531638.0,1753,https://music.apple.com/ca/album/titanic/1599171548?i=1599171575
12,SONG,[FRESH] Lupe Fiasco spits over Streets of Rage 2 Player Select Music,1641550626.0,394,https://v.redd.it/yvg52853r8a81
14,SONG,[FRESH VIDEO] SZA - I Hate U (Visualizer),1641576848.0,68,https://www.youtube.com/watch?v=xEAEDKzjQTY
15,SONG,[FRESH] The Weeknd - Less Than Zero,1641536676.0,383,https://open.spotify.com/track/2D4dV2KXDTszzJ3p3cFqhA?si=5ad4b1b2cffc49f1
16,SONG,[FRESH VIDEO] ZelooperZ - Each and Every Moment (Prod. Dilip ),1641593035.0,21,https://www.youtube.com/watch?v=29sGKB4aROQ&ab_channel=ZelooperZBruiser
17,SONG,[FRESH VIDEO] Gunna - too easy Remix (feat. Future & Roddy Ricch),1641589841.0,26,https://youtu.be/fYd-esC2Iw4
18,SONG,[FRESH] 2 Chainz - Million Dollars Worth of Game (feat. 42 Dugg),1641531671.0,450,https://open.spotify.com/track/2ejmulHUV7YMP3rhNOlWzS?si=fc7aea1e60864801
19,SONG,[FRESH] The Weeknd - Is There Someone Else?,1641533564.0,380,https://youtu.be/i4ZuseKFBF0
20,SONG,[FRESH] The Weeknd ft. Lil Wayne - I Heard You’re Married (Official Audio),1641531751.0,410,https://youtu.be/srxa-cWPJTo
22,SONG,[FRESH] iLoveMakonnen & Yellow Trash Can - My Girl Trans,1641592352.0,13,https://open.spotify.com/track/74Z4nAt4ZacqUMiQRqSgT1?si=yEyKQBn2TD-6dHZ-7j7ufA
25,SONG,[FRESH VIDEO] Big Cheeko (feat. Mach-Hommy) - Spin Off (Official Music Video),1641577173.0,26,https://m.youtube.com/watch?v=USd4yuMVho0
26,SONG,[FRESH VIDEO] Slug Christ- Horribly Wrong,1641570865.0,29,https://youtu.be/Lf-p62YuIj0
28,SONG,[FRESH] FROGGY FRESH - The Last Shot,1641546181.0,91,https://www.youtube.com/watch?v=e7fW39M3Iws
29,SONG,"[FRESH] Da$h - 10,000 Hours",1641579568.0,16,https://www.youtube.com/watch?v=I_14_zvowA8
30,SONG,[FRESH VIDEO] SAINt JHN - The Best Part Of Life (Live on Colbert),1641600800.0,7,https://youtu.be/y2qUVeHjRCY
31,SONG,[FRESH] Azizi Gibson - Hate To Say It (feat. Freddie Gibbs),1641529546.0,156,https://www.youtube.com/watch?v=CWZ2WCeAwgE
32,SONG,[FRESH] Kai Bandz - Gettin Mainey (Official Music Video),1641600520.0,3,https://www.youtube.com/watch?v=jmOHKLNGNes
36,SONG,[FRESH] Lungs & Phiik - “Off Top” Freestyle (Top Shelf Premium),1641588649.0,5,https://www.youtube.com/watch?v=kZv_5JD7dPo
37,SONG,[FRESH] Quelle Chris - Supreme Codeine,1641532960.0,85,https://open.spotify.com/album/73wlSdEjijfNG4GG0ZEWMq?si=EFk5Y_ytTZOfUNW54WIqxw&utm_source=copy-link
38,SONG,"[FRESH VIDEO] Garrett Mahoney ""Somebody""",1641592188.0,3,https://www.youtube.com/watch?v=Gasptc9qxxM
40,SONG,[FRESH VIDEO] Hook - Gameboy,1641579496.0,6,https://www.youtube.com/watch?v=KCzeuUO3t_o
41,SONG,[FRESH] Payroll Giovanni - Real Work (Official Video),1641603644.0,2,https://www.youtube.com/watch?v=0T-2tlOaq5Y
42,SONG,[FRESH] MC Eiht - Double That (feat. Kurupt),1641578196.0,5,https://open.spotify.com/album/46hYUd7iE8UvNETuzYsiiy?si=g-lW8YMuT2SrKtv4w1QaoQ
43,SONG,[FRESH] Gunna - 25k jacket (feat. Lil Baby),1641531908.0,72,https://open.spotify.com/track/0boodYr1uIpSVmGSP65Fmk?si=S1haIK5lQ1Op_21YvAmrqA
44,SONG,"[FRESH] Che Noir, 38 Spesh and Ransom - Table For 3",1641531916.0,73,https://open.spotify.com/album/5pv29FAGL7VNdrUPkGwAaU?si=i-oc1e5pSDO0QT8orC7EGQ&utm_source=copy-link
45,SONG,[FRESH] Jay Paid x Kha Structure x TF Milly x Mar Mar- No Cap (Official Video),1641599094.0,2,https://www.youtube.com/watch?v=B85YaeimUQA
46,SONG,[FRESH] 917 Rackz - pain only lasts a minute (Official Video),1641598413.0,2,https://www.youtube.com/watch?v=XGMNrvm_3Yg
47,SONG,[FRESH VIDEO] Cordae - FABEV Freestyle (The Heart Pt 4),1641503032.0,261,https://youtu.be/M69eHNr9Dlo
48,SONG,[FRESH] BLACK KRAY AKA SICKBOYRARI - BOW BOW,1641514841.0,144,https://soundcloud.com/blackkray/black-kray-aka-sickboyrari-bow-bow?si=3b8478de717247479e8556d320052933&utm_source=clipboard&utm_medium=text&utm_campaign=social_sharing
49,SONG,[FRESH] Ricky Bascom - Amazing Grace,1641597677.0,2,https://www.youtube.com/watch?v=LXK1Biid0q8&ab_channel=RickyBascom
50,SONG,"[FRESH] Elcamino, Chayna Ashley & Plex Diamonds - Takin' a Trip",1641578626.0,6,https://www.youtube.com/watch?v=voAtEAHV_aE
51,SONG,[FRESH VIDEO] Rxalu Loaded & OMB Peezy - Lemon Pepper,1641578451.0,5,https://www.youtube.com/watch?v=JVQOA2s7b0k
52,SONG,[FRESH] Young T & Bugsey - Blessings (ft. Chronixx),1641582548.0,4,https://open.spotify.com/track/0VoCmyKz6GRRl6AuT7if6t?si=29PHb1FnQ06VgRNqPisSXA&utm_source=copy-link&context=spotify%3Aplaylist%3A37i9dQZF1DX4JAvHpjipBk
53,SONG,[FRESH] EFOJIE - ‘January 4th’ (Album),1641595980.0,2,https://smarturl.it/January4th
55,SONG,[FRESH VIDEO] Bryson Gray - CONTROLLED (Ft. An0maly),1641587300.0,3,https://www.youtube.com/watch?v=eQ7nBnVpLZ0
56,SONG,"[FRESH] Mr. Muthafuckin' Exquire, Dope Knife and Savage Virtual Orchestra - Afropunk Freestyle",1641533173.0,45,https://open.spotify.com/album/3EdEs3R0BrVNQNaSXd6tAZ?si=jTiFfqvRQGm8Oe--TWuv7Q&utm_source=copy-link
58,SONG,[FRESH] 24Lik - Knock On Wood feat. MoMoney Moo (Official Music Video),1641606199.0,0,https://www.youtube.com/watch?v=sHMojDfUnV4
60,SONG,[FRESH] G Perico - Hurricane,1641578515.0,4,https://www.youtube.com/watch?v=0X8I-lU4E7U
61,SONG,[FRESH] Aaron May - WOKEUPTHINKINBOUT,1641532705.0,38,https://open.spotify.com/track/3HpRwCE2XIB9u1VXj5R6T9?si=a81a87dfe84046b1
62,SONG,[Hype] istasha - Snort Cocaine For Jesus (2019),1641589264.0,2,https://youtu.be/jVYLG9qpY_8
63,SONG,[FRESH] K.A.A.N - 2 Much,1641531971.0,34,https://open.spotify.com/album/0qAIbffvLvoeZdSTqm24P0?si=MEGdDprvSjiIUgmLok5keg&utm_source=copy-link
64,SONG,[FRESH] Big Cheeko - Spin Off (Feat. Mach-Hommy),1641554102.0,9,https://www.reddit.com/r/hiphopheads/comments/ry560t/fresh_big_cheeko_spin_off_feat_machhommy/
65,SONG,[FRESH VIDEO] Ronski & Rocca Varnado - Out Here (feat. ALLBLACK),1641579016.0,1,https://www.youtube.com/watch?v=eQafMP22ovg
66,SONG,[FRESH] Premrock and billy woods - Bardo,1641533037.0,31,https://open.spotify.com/album/0rmurrKQmXINPFeRQfjqbE?si=Vzv88LVHT_qLx2zFO3X4_g&utm_source=copy-link
67,SONG,[FRESH] 808db - Trench Talk (feat. Slimelife Shawty & Nardo Wick),1641577739.0,3,https://open.spotify.com/album/6nRW7iTVSekidVas18TmbJ?si=4ZX3DF0LQrO52z9OQaCrDw
68,SONG,[FRESH] Bashfortheworld - Vida,1641597810.0,1,https://open.spotify.com/track/0oK11MH5gsH9mJsJ8DULHS?si=qS8JxSrbR2mLul2FRVjxcw
69,SONG,[FRESH] PutMeOnSean X RXKNephew “ Insurrectionist “,1641549248.0,11,https://www.youtube.com/watch?v=bNtwWXYV-i4
71,SONG,[FRESH] Khalil Blu - *Liner2 (Nowhere Fast),1641580542.0,2,https://www.youtube.com/watch?v=gjpkBuTD98w
74,SONG,"[FRESH] Juu2x, Q Da Fool & No Savage - Lethal",1641578959.0,2,https://open.spotify.com/album/6p3MwCNL2QD5etRXr8DN9B
75,SONG,[FRESH] MBNel - Crazy (Official Video),1641592389.0,1,https://www.youtube.com/watch?v=bVo1aHp-kPg
76,SONG,[FRESH VIDEO] DB.Boutabag - 10PM,1641578116.0,2,https://www.youtube.com/watch?v=hdlvtw1oUB8
77,SONG,"[FRESH] Amaarae, Kali Uchis & Moliy - SAD GIRLZ LUV MONEY (Vigro Deep Amapiano Remix)",1641577903.0,2,https://open.spotify.com/album/4q4rHdKxyCzxuQrPcdjPyC
79,SONG,[FRESH] Whoppa Wit Da Choppa - Gator Home [Jacksonville Trap],1641577616.0,2,https://www.youtube.com/watch?v=iQe_CuAOQj8
81,SONG,[ORIGINAL] ELEVEN34 - Terrible Memories (prod.by scorpio prodz x KXVI),1641575730.0,2,https://www.youtube.com/watch?v=T3BHrUD17ak
82,SONG,"[THROWBACK THURSDAY] Kesha - Sleazy REMIX Get Sleazier ft. Lil Wayne, Wiz Khalifa, T.I., André 3000",1641510156.0,52,https://www.youtube.com/watch?v=yUprSceUaR8
83,SONG,[FRESH] Young Slo-Be - Nike (Official Music Video),1641573345.0,2,https://www.youtube.com/watch?v=NpBIloGfiJ4
85,SONG,[FRESH] BounceBackMeek - Be Patient (ft. Javn2900) (Official Music Video),1641584136.0,0,https://www.youtube.com/watch?v=fupODmnDpCg
86,SONG,"[THROWBACK THURSDAY] The Pharcyde - ""Passin' Me By (Fly As Pie Mix)"" (1993; prod. by LA Jay)",1641494085.0,101,https://www.youtube.com/watch?v=bOX9tvn-6JI
87,SONG,[FRESH] JELEEL! - July!,1641536555.0,11,https://music.apple.com/us/album/july-single/1603355781
88,SONG,[FRESH] Gunna - idk that bitch (feat. G Herbo),1641537978.0,10,https://youtu.be/E1QN0fDW4Wg
89,SONG,"[FRESH] Kid Kapichi, Bob Vylan - New England",1641561329.0,3,https://open.spotify.com/track/6Xc7LinCrQ5qwqVihDXrtr?si=ioXWpGXkRoe-eh7a3hRuJA&utm_source=copy-link
90,SONG,"[FRESH VIDEO] Macei K - Super Gremlin ""Freestyle""",1641582355.0,0,https://youtu.be/6b2b-FkduvM
92,SONG,[FRESH] Leikeli47 - Chitty Bang,1641580033.0,1,https://www.youtube.com/watch?v=YsXktbPhPLs
93,SONG,[FRESH] Dom Vallie - Been Himma,1641518753.0,23,https://open.spotify.com/track/5G9i6PTCmXdOVmUfDRlc6t?si=6KWJM1tNQ9uK5i_F1kejiw&utm_source=copy-link
94,SONG,[FRESH] CHASETHEMONEY & Valee - Trident,1641578019.0,1,https://www.youtube.com/watch?v=b6S9dkD64Kg
95,SONG,[FRESH] Central Cee - Retail Therapy,1641499583.0,48,https://youtu.be/G1CbX1k9m5Q
96,SONG,[FRESH] J Bleds x Daytona Pro - Spaceship Rocket Fun,1641575039.0,1,https://open.spotify.com/album/0O5sEEZsJ0A2RKtMhEl8hM?si=reHEwGiRSjenxG1tYdWVQw
97,SONG,[FRESH] Gunna - livin wild,1641532322.0,8,https://youtu.be/09sfIEVg7FU
100,SONG,"[Hype] Sinizter - Just Dance ft Ghostface Playa, Prompto (2021)",1641543989.0,4,https://youtu.be/cYS0PhF69PI
101,SONG,[FRESH VIDEO] Bizarre of D12 - Robbing Spree ft RJ Payne,1641503494.0,21,https://youtu.be/LfluebE1rfw
102,SONG,[FRESH] Kid Ink - Fenty Secrets,1641532974.0,5,https://open.spotify.com/track/6dhGD1PDtnv99qkRPfvOEF?si=nrv6cTJnQn6tzjCaRHyi_g
103,SONG,"[FRESH VIDEO] Lenny Tavarez, Justin Quiles, Randy, De La Ghetto, & Brray - La Pared 720",1641546856.0,2,https://youtu.be/4ShX_wsmI30
105,SONG,[FRESH] King Los - KEEPIN IT GANGSTA - FREESTYLE (LOST FILES),1641492542.0,33,https://www.youtube.com/watch?v=ITIG9-UPkzw
106,SONG,[FRESH VIDEO] Boy of Wonder & Rob. - God Speak,1641537469.0,2,https://youtu.be/y3YjiombH8E
107,SONG,[THROWBACK THURSDAY] Yung Ralph - Look Like Money (2007),1641516753.0,10,https://youtu.be/NDV9IeD_oIM
108,SONG,[FRESH] Eli Fross - Steppas Freestyle (ft. Sleepy Hallow) (Official Video),1641483145.0,48,https://www.youtube.com/watch?v=e2ISzV9hpZU
109,SONG,"[THROWBACK THURSDAY] Dr. Dre & Snoop Dogg - ""Lil' Ghetto Boy (Remix)"" (1996; prod. by Julio G & Tony G)",1641493592.0,25,https://www.youtube.com/watch?v=0TwttYx6s-8
110,SONG,[FRESH] Betty Booom - Backbeat (Swing Hop),1641555232.0,0,https://www.youtube.com/watch?v=oJk15NEfSYg
111,SONG,[FRESH] Denzel Curry - Melt My Eyez (Official Trailer),1641405701.0,2002,https://youtu.be/zE-uMECCtPw
112,SONG,[FRESH VIDEO] NEMS - GO FISH,1641505363.0,14,https://www.youtube.com/watch?v=sg3XWumbhLE&ab_channel=GorillaNems
115,SONG,[ORIGINAL] Drake - What's Next (DJ Burrito Boy Edit),1641574169.0,0,https://soundcloud.com/burrito-boy-710028092/drake-whats-next-dj-burrito-boy-edit
117,SONG,"[THROWBACK THURSDAY] The L.B.C. Crew, Snoop Dogg & Warren G - ""Doggystyle '96"" (1996; prod. by DJ Pooh)",1641493770.0,19,https://www.youtube.com/watch?v=6WqpMTBAPdo
118,SONG,[THROWBACK THURSDAY] Black Moon - The Onslaught (feat. Busta Rhymes),1641511053.0,6,https://youtu.be/6eyJjzfo_Vw
119,SONG,[FRESH VIDEO] RINSA MALONE- ONE EYE OPEN,1641507536.0,5,https://m.youtube.com/watch?v=8El4n-VVS_w
120,SONG,[FRESH] ComptonAssTG (feat. Teeezy)- NINA,1641496717.0,8,https://www.youtube.com/watch?v=7d0DszYYywk
124,SONG,[THROWBACK THURSDAY] Esham - One Hundred,1641498105.0,7,https://www.youtube.com/watch?v=PLMlrgT53xA
126,SONG,"[THROWBACK THURSDAY] Luniz & Jewell - ""Y Do Thugz Die"" (1997; prod. by QDIII)",1641494265.0,7,https://www.youtube.com/watch?v=uhTBHtx2XmQ
127,SONG,[FRESH] Fiend - PayRoll (feat. Jay Worthy),1641496633.0,7,https://www.youtube.com/watch?v=6fkA3JUYJB4
128,SONG,[FRESH] Self Scientific – All Written ft. Georgia Anne Muldrow (Previously Unreleased),1641492671.0,9,https://www.youtube.com/watch?v=Q05vP0Z8xzg
129,SONG,[THROWBACK THURSDAY] Riff Raff - Larry Bird,1641500745.0,3,https://m.youtube.com/watch?v=o3i5nDCw8C0
131,SONG,[FRESH] Moe & Zaytoven - Can't Help It (ft. Hotboii) (Official Music Video),1641517638.0,2,https://www.youtube.com/watch?v=kFOKTg8Rlis
132,SONG,[FRESH] Sha Ek - Face Of The What (Official Video),1641498825.0,7,https://www.youtube.com/watch?v=wD8t4YDjxnI
134,SONG,"[THROWBACK THURSDAY] 2Pac & Tyrese - ""Thugz Mansion"" (Unreleased Johnny J Remix)",1641497657.0,5,https://www.youtube.com/watch?v=yQn-Ih5MEBs
135,SONG,[FRESH] Marzs - 90210 Not My Area Code,1641506736.0,3,https://youtube.com/playlist?list=OLAK5uy_ml9ayqpscVbBdPTsLyaKB5iLHk5uqqJb4
141,SONG,[FRESH] LIL SOULJA SLIM x WillaBoy - Kno Wat It Is,1641492848.0,4,https://www.youtube.com/watch?v=OTOJRtBWYwE
142,SONG,[FRESH] LIL SOULJA SLIM x Willa Boy - Head Cracked,1641492785.0,1,https://www.youtube.com/watch?v=T6EpM9ufDUg
143,SONG,[FRESH] RunItUp Jaybo - Drop The Pin (ft. WRG King) (Official Music Video),1641489527.0,5,https://www.youtube.com/watch?v=JjmYIu_0KxM
144,SONG,[FRESH VIDEO] Drakeo The Ruler ft. Ralfy the Plug - Ain't That The Truth,1641422907.0,91,https://www.youtube.com/watch?v=NPWF6og08ZA
147,SONG,"[FRESH VIDEO] Bricc Baby - ""PLAY"" Official Video",1641505885.0,1,https://m.youtube.com/watch?v=d3XXrNpzvIc
148,SONG,[FRESH VIDEO] Jooba Loc - “SnitchK” (Music Video) [Wack100 & Tekashi69 Diss],1641505789.0,1,https://m.youtube.com/watch?v=7nM5BDgTdfY
150,SONG,[FRESH] Th3Nativ3 - ONE WAY ! ( AUTUMN! DISS ),1641502299.0,1,https://youtu.be/jYxVdJrqA-g
153,SONG,[FRESH] Emcee Graffiti - Hit Play prod Ab The Audicrat Music Video,1641482194.0,3,https://youtu.be/JbUuL5jB3wA
155,SONG,[FRESH VIDEO] KRS-One - The Beginning,1641418300.0,40,https://youtu.be/leIPcLQK8IY
156,SONG,[FRESH VIDEO] Juice WRLD - Already Dead,1641406278.0,65,https://youtu.be/f74GYIVMk3I
157,SONG,[FRESH] NBA Youngboy - Fish Scale,1641391588.0,116,https://www.youtube.com/watch?v=jR4AG5LdKYE
165,SONG,[Hype] Kevlar Kohleone - Blood On The Fitting Room Floor ft. DoSe,1641448217.0,3,https://soundcloud.com/kevlar-kohleone/blood-on-the-fitting-room
167,SONG,[FRESH] CASKEY - Fear and Loathing In Los Angeles,1641436932.0,7,https://youtu.be/B5X2Fh0qNBc
169,SONG,[FRESH] DopeBoy Trouble - Hiding (Official Music Video),1641430277.0,3,https://www.youtube.com/watch?v=v0fnzOEU6wk
175,SONG,[FRESH]Rowboat - Clap That (Ft. Lil Xay) from Channel 5 News,1641320947.0,970,https://youtu.be/EY07XkagdnQ
177,SONG,[FRESH] Lil Gotit - Buzz City Freestyle,1641414920.0,7,https://youtu.be/VxX6efBxwvY
182,SONG,[FRESH VIDEO] Lance Skiiiwalker & SiR - Peso,1641409089.0,8,https://www.youtube.com/watch?v=OoLgIIKTTU4
188,SONG,[FRESH] Jali$co - Mini Draco (Official Music Video),1641426780.0,2,https://www.youtube.com/watch?v=rISYX9IV0D8
190,SONG,[ORIGINAL] - Karim Tha Dream - Simulation,1641424907.0,4,https://youtu.be/izbxUjTzbzs
196,SONG,[FRESH] Drew BC3 - Pyramid Scheme (Prod. D. Spellz),1641414803.0,5,https://www.youtube.com/watch?v=JK5JUSfGpns
203,SONG,[FRESH] Bla$ta x Daboii - Like That (Official Music Video),1641405923.0,2,https://www.youtube.com/watch?v=8eJD8H55eGU
205,SONG,[FRESH] Stain Blixky - What We Doing (Official Music Video),1641403350.0,2,https://www.youtube.com/watch?v=dlyf7b5HHw8
206,SONG,[FRESH] Rich Nunu - Proud Of Me (Official Music Video),1641422371.0,0,https://www.youtube.com/watch?v=i7YyAxsBzAU
207,SONG,[FRESH] OneShotAce - MR. FIRE (ft. Sheff G) (Official Music Video),1641389773.0,6,https://www.youtube.com/watch?v=-mO2Kn4pp60
212,SONG,[FRESH] Deezlee - Patrick feat. Hardo,1641402030.0,1,https://youtu.be/I18HsJJagxg
213,SONG,[FRESH] Huntaa - Who Really Gangsta,1641384384.0,5,https://www.youtube.com/watch?v=BAdInaklqQA
216,SONG,[ORIGINAL] ELEVEN34 -NoThEnd,1641379585.0,4,https://www.youtube.com/watch?v=0PLcqg2I6Uw
219,SONG,[FRESH] Bujemane - Soulja,1641343494.0,34,https://youtu.be/1lvii5DMOcY
226,SONG,[FRESH] C Blu - Message Pt. 2 (Official Video),1641362688.0,6,https://www.youtube.com/watch?v=ddzmLVy1Evg
233,SONG,[FRESH] The Musalini & 9th Wonder - Sincerely (Official Music Video) ft. Swank & King Draft,1641359071.0,5,https://www.youtube.com/watch?v=PivuUAgGUZM
245,SONG,[FRESH] MB23 - Dear Opps (Official Music Video),1641366448.0,2,https://www.youtube.com/watch?v=gHnNNVkmbWg
248,SONG,[FRESH] Lil Zay Osama - MY ANGELS (Official Video),1641377797.0,2,https://www.youtube.com/watch?v=_o1RIXapOEQ
261,SONG,[FRESH] Cootie - Trap Out Da Spot (Official Music Video) ft. Big Scarr,1641333671.0,7,https://www.youtube.com/watch?v=B2lB7kS6BGM
268,SONG,[FRESH] GB - War (ft. Young Iggz x Acito x Rico 2 Smoove) (Official Music Video),1641351983.0,1,https://www.youtube.com/watch?v=cAB4rtca-XQ
271,SONG,[FRESH]REPx - Yasuo Style,1641337185.0,2,https://www.youtube.com/watch?v=N-5O6UaKf1M
272,SONG,[FRESH] Propain x Sauce Walka x Z-Ro - H-Town Remix,1641323513.0,3,https://www.youtube.com/watch?v=rRfID4EEZkQ
276,SONG,[ORIGINAL] SOLUS THE HAPPY HUMAN - SEASONS CHANGE,1641348176.0,1,https://www.youtube.com/watch?v=qcEPdKKqKTc&ab_channel=LoserMusic
280,SONG,[FRESH VIDEO] CHPNDL - Cesspool,1641322472.0,3,https://www.youtube.com/watch?v=BtNNDz6hSnw
283,SONG,[FRESH] M.I.A. - Borders (Nullmistress Edit),1641289694.0,14,https://youtu.be/qs66oB_NPYk
297,SONG,[ORIGINAL] Trinity - Freedom,1641293976.0,7,https://soundcloud.com/dogshoes/freedom-prod-t_the_max
303,SONG,[FRESH VIDEO] Gucci Mane - Fake Friends [Official Video],1641251013.0,35,https://www.youtube.com/watch?v=l6Q-Trf5pN4
307,SONG,[FRESH] AB - Pit Not the Palace,1641170007.0,1154,https://music.apple.com/us/album/pit-not-the-palace-single/1602999926
319,SONG,"[FRESH] Dinner Party - Intermission (feat. Snoop Dogg, Rapsody, Herbie Hancock, Punch & Bilal)",1641229456.0,34,https://www.youtube.com/watch?v=dflujdRA3pU
320,SONG,[FRESH] Jay Critch - Gifted,1641253289.0,9,https://www.youtube.com/watch?v=EhfYdIkjB88
333,SONG,[FRESH] Killah Priest - How To Stop Them,1641229541.0,14,https://www.youtube.com/watch?v=4L6EnDILHWw
334,SONG,[FRESH] Warren Hue - INTERNET BOY,1641261600.0,4,https://youtu.be/IH2l-NPuluE
335,SONG,[FRESH] Bonobo - From You (feat. Joji),1641201669.0,42,https://www.youtube.com/watch?v=TTwXKuUvTMc
341,SONG,[FRESH] Bub Styles - 24 Grams [prod. by Observe since ‘98],1641229323.0,8,https://www.youtube.com/watch?v=8S0CG1gdk6E
343,SONG,[FRESH VIDEO] CJ Fly - Broom,1641272187.0,0,https://www.youtube.com/watch?v=_GiRihITuu0
344,SONG,"[ORIGINAL] C./FORTE - Victory Lap. This song got love here, so we produced/directed our first music video! Enjoy!",1641180562.0,50,https://youtu.be/eXX7duiaWkU
345,SONG,[FRESH] Bolski - Southside (Official Music Video),1641256266.0,0,https://www.youtube.com/watch?v=rWZeyo8Wtqo
348,SONG,[ORIGINAL] jahvé - day2day,1641248504.0,0,https://youtu.be/zy9X609ZCqg
354,SONG,[ORIGINAL] Shoesoup - Where U Goin (Heart break song for a recent break-up. Dont ask about the wedding dress),1641258287.0,0,https://www.youtube.com/watch?v=gz4VcOvZJYY&lc=UgzS82F_Uuy2XSliZZx4AaABAg
355,SONG,[FRESH] Kno Mob - Locked In (ft. DDB Kalin) (Official Music Video),1641244605.0,1,https://www.youtube.com/watch?v=nqMaI0_702w
358,SONG,[FRESH] Chris “the glove” taylor - ‘pimp chronicles’ soundtrack,1641229393.0,2,https://www.youtube.com/watch?v=TWYp78p5gzk
359,SONG,[FRESH] King Combs & Flee - Lotta (Official Music Video),1641221109.0,5,https://www.youtube.com/watch?v=ERcLKumI3Ps
360,SONG,[FRESH] TGunnamane - Feds Watchin (Official Music Video),1641227321.0,2,https://www.youtube.com/watch?v=0fAw9fPZZyE
365,SONG,[FRESH] DAMO WAV - ICE CUBE,1641236902.0,0,https://music.apple.com/us/album/ice-cube/1602926149?i=1602926150
367,SONG,[FRESH] Batmaan Jay - Osama Bin Laden (Freestyle) (Official Music Video),1641213171.0,2,https://www.youtube.com/watch?v=lVydMMiVjj8
368,SONG,[FRESH] EBK JaayBo - Last Conversation (Official Music Video),1641233726.0,0,https://www.youtube.com/watch?v=aAEGFB4bbvI
369,SONG,[FRESH] DeeBaby - Havin’ Yo Way (Official Music Video),1641260394.0,0,https://www.youtube.com/watch?v=DDY90ky2KeU
371,SONG,[FRESH] Acito - Vice Versa (Official Music Video),1641231179.0,1,https://www.youtube.com/watch?v=YYxynJQadT0
376,SONG,[FRESH] Ciggy Blacc - Backdoor (Official Music Video),1641177174.0,11,https://www.youtube.com/watch?v=ve34pJfkcMo
378,SONG,[FRESH] CeeJay Band$ - 58 Bars (Official Music Video),1641224264.0,1,https://www.youtube.com/watch?v=wsN6z3P9NoU
381,SONG,[FRESH] RXKNephew - 6 Hour Layover in Denver (Alicia Keys - No One remix),1641126875.0,104,https://www.youtube.com/watch?v=md7BUFEBALk
385,SONG,[FRESH] jeremiah brooklyn - The Silent Hill Tape,1641182632.0,3,https://open.spotify.com/album/5O0FLtHf67BUF66kvz3Alu?si=at3BbGsFR5Sp-YI6OQYANg&utm_source=native-share-menu
387,SONG,[FRESH] EBK Young Joc - Fox News (ft. Mac J x Young Slo-Be) (Official Music Video),1641181219.0,4,https://www.youtube.com/watch?v=_qKeLDWUdp8
388,SONG,"[FRESH] Estee Nack - Streets Iz Watching , So Iz God",1641161630.0,8,https://esteenack.bandcamp.com/track/streetsiswatching-soizgod-prod-mr-rose?from=embed
398,SONG,[FRESH] calm. - conversations with a willow tree,1641151592.0,9,https://thisistime.bandcamp.com/album/conversations-with-a-willow-tree
399,SONG,"[FRESH] Papoose - ""Obituary 2021"" Prod. by Stan The Man",1641156064.0,7,https://www.youtube.com/watch?v=uDgY9lfuUhE
405,SONG,[FRESH VIDEO] MoneyMarr - My Everything Freestyle,1641138501.0,13,https://youtu.be/ZL0NcMeAvA8
407,SONG,[FRESH VIDEO] Summrs - More Motion [Dir. by @DotComNirvan],1641152522.0,5,https://youtu.be/B3sk8H4TkoI
408,SONG,[FRESH] Ty Tres x Mel Blamma - Who Hit Em (Official Music Video),1641168075.0,2,https://www.youtube.com/watch?v=yXnLzeAJqRA
410,SONG,[ORIGINAL] Ray Jones - Down With You,1641166801.0,2,https://youtu.be/m_Fkd-rUfqk
417,SONG,[FRESH] UliTook - FUND$ UP (Official Music Video),1641171525.0,0,https://www.youtube.com/watch?v=u2-tdM2wKzo
422,SONG,[FRESH] Cambatta & Black Magik- Kanye’s Inferno,1641138833.0,2,https://m.youtube.com/watch?v=15KKLWNWgMk
428,SONG,[FRESH VIDEO] UNU-Ashton Kutcher,1641146801.0,0,https://youtu.be/JO-xvtk2JXQ
429,SONG,[FRESH] J Bleds - Vibrant Shades EP,1641144033.0,1,https://open.spotify.com/album/2E2Fr1ZSpRehclVEMQzroV?si=KbSFlVHMSFGihc8c2_Me4A
438,SONG,[FRESH] Lul DreDay x CobyJDN - Double Lap (Official Music Video),1641113121.0,2,https://www.youtube.com/watch?v=OHsJjFhlPWU
439,SONG,[FRESH] Yung Kuzzy - Trife Life (ft. Mozzy) (Official Music Video),1641094764.0,6,https://www.youtube.com/watch?v=sor4zDVCBUI
440,SONG,"[FRESH] Mad Skillz - 2021 Rap Up ""The End Of An Era""",1641060159.0,30,https://www.youtube.com/watch?v=S8XN4XDh6MQ
442,SONG,[FRESH] Z-Ro - In These Streets (ft. Nino Brown) (Official Music Video),1641075664.0,13,https://www.youtube.com/watch?v=gxINYlqBLoA
445,SONG,[FRESH VIDEO] Le$ - Chrome lips (ft. Freddie Gibbs) [Official Video],1641048483.0,39,https://www.youtube.com/watch?v=PSF2mLW967A
446,SONG,"[FRESH VIDEO] 21 Savage - ""No Debate"" / ""Big Smoke"" (Official Video)",1640984467.0,956,https://youtu.be/YFNmiJv1AXU
448,SONG,[FRESH] Trae Tha Truth - Concussions (Official Music Video),1641078628.0,9,https://www.youtube.com/watch?v=phYLZdEJE_w
458,SONG,[FRESH] AP.9 - Top Of The Line,1641078533.0,4,https://www.youtube.com/watch?v=gE89KlGdu1A
463,SONG,[FRESH VIDEO] Anthony Danza - Go 2 Work ft. Carey Stacks,1641071008.0,6,https://youtu.be/kR0eorbLWVQ
467,SONG,"[FRESH VIDEO] Mitchy Slick, Profit - Sleep When I’m Dead (Official Video)",1641046177.0,17,https://www.youtube.com/watch?v=nmN6hJJtlEs
468,SONG,[FRESH] Summrs - More Motion [Dir. by @DotComNirvan],1641078561.0,3,https://www.youtube.com/watch?v=B3sk8H4TkoI
470,SONG,[ORIGINAL] Ano - Flames,1641071643.0,4,https://soundcloud.app.goo.gl/oR2KioHgxEgJtXAG9
471,SONG,"[FRESH] Frenchie - Balanced (Rod Wave ""By Your Side"" Remix) (Official Music Video)",1641070322.0,5,https://www.youtube.com/watch?v=WE3Tjr9rj_4
478,SONG,[FRESH] DESTROY LONELY - FUCK IT UP,1641047555.0,8,https://soundcloud.com/hitech-stef/destroy-lonely-fuck-it-up
479,SONG,[FRESH] BandmanRill - Close Friends,1641066022.0,2,https://www.youtube.com/watch?v=3HmYbj4-Nzw
481,SONG,[FRESH] Tommy Bunz - Yeah Freestyle (ft. BandGang Lonnie Bands) (Official Music Video),1641086854.0,0,https://www.youtube.com/watch?v=QgbhnHXjSdE
483,SONG,[FRESH] Balistic Man & David Correy - The Get Back (feat. Benny the Butcher),1641055648.0,4,https://www.youtube.com/watch?v=ryC3Jxe69GE
484,SONG,[FRESH] Uncle Murda - 2021 Rap Up,1641014337.0,31,https://www.youtube.com/watch?v=8XHaKkRc10w
485,SONG,[FRESH] JO Bandz x Yagi B x TG Crippy x Bami - Risk Takers (Official Music Video),1641044635.0,8,https://www.youtube.com/watch?v=zVB5nmTR9qU
487,SONG,[FRESH] HotSh20t x Kenzo Balla - On Sight (Official Music Video),1641081890.0,1,https://www.youtube.com/watch?v=QGOxF1cNdnc
492,SONG,[FRESH] The Trifln' x Clyde Carson x LulBearRubberband - Rager Anthem (Official Music Video),1641057163.0,3,https://www.youtube.com/watch?v=DDi3Fmd18eM&ab_channel=THEBRP
494,SONG,[FRESH] BHM PEZZY - D4L (Official Video),1641061121.0,2,https://www.youtube.com/watch?v=ILk0_GDrNI0
499,SONG,[FRESH] SoFaygo - TWELVE TWENTY FIVE,1641037338.0,6,https://soundcloud.app.goo.gl/FEvNHJnFQ5qeCAMq8
500,SONG,[FRESH] Chief Keef - I Don't Think They Love Me,1640972344.0,131,https://youtu.be/VrPiEYVb6o8
503,SONG,[FRESH] LA Staxks x MDot - Yardy (Official Music Video),1641038478.0,3,https://www.youtube.com/watch?v=iSDjVTIv2n4
506,SONG,[FRESH] The Fine Art Rascal - No Time for Squids,1641036578.0,2,https://open.spotify.com/track/3bDb92WjnBGDLevTg7lVLd?si=a2611a646c474494
507,SONG,[FRESH] Domengo - Ring Ring,1641025051.0,6,https://www.youtube.com/watch?v=36aMGFR3M10&ab_channel=Domengo-Topic
510,SONG,[FRESH VIDEO] Ghostface Killah Feat. Shaun Wiah - Let Me Touch Ya,1640975254.0,41,https://www.youtube.com/watch?v=WUSeE76Wfew
512,SONG,[FRESH] Yus Gz x Nesty Floxks x Sha Gz - 300FLOCKA SHOT (Official Video),1641013519.0,7,https://www.youtube.com/watch?v=Hpvo32JwdJk
515,SONG,[FRESH VIDEO] Krone - Sonar Scope Ft. Mork,1641047526.0,1,https://youtu.be/eJm1mlOb_eI
516,SONG,[FRESH] Daniel Son & Futurewave - Third Eye (Feat. Flee Lord),1640980335.0,26,https://www.youtube.com/watch?v=VAG7p7HCZPg
518,SONG,[FRESH] Nas EBK x Yagi B - Blixky What (Official Music Video),1641009021.0,6,https://www.youtube.com/watch?v=v3_WG_GMvzs
520,SONG,[FRESH] Aaron May - Hidden Voices,1640978772.0,20,https://youtu.be/r7ZW7EviVLk
521,SONG,[FRESH] Death At The Derby (Cousin Feo x Lord Juco) - Merseyside Meyhem (Prod. Bozack Morris),1640979062.0,19,https://m.youtube.com/watch?v=eklRhwIo-Ig
522,SONG,[FRESH] Prince Dre x G5BM x Loose Laurent x Velly Vellz - Flyzone (Official Music Video),1641022881.0,2,https://www.youtube.com/watch?v=G72B5OTms5s
524,SONG,[FRESH] Cult Encounters Co. & Solomon Childs - The Founders,1641016425.0,2,https://open.spotify.com/track/41wiZDya2ALUbm6KTTBK8j?si=RjoaBie4Qxu0B8fd1y860g
525,SONG,[FRESH] Flights - BandoPop ft Lil Baby,1640990809.0,8,https://open.spotify.com/track/4wHPrNsVpLa2Aak3OsXKWy?si=OD49JA_YQ0Op1QeFUJ8G-g
527,SONG,"[FRESH] Bun B - Hesitate (feat. Cory Mo, Talib Kweli, David Banner & Tobe Nwigwe)",1640927327.0,161,https://open.spotify.com/track/0j34tJF76rS45AYbSDwsUP?si=Ps3ER3qARW2iMyrWgoDKNQ
530,SONG,[FRESH] Guapdad 4000 - Got Me Bent (feat. Jace & Nate Curry),1640927108.0,135,https://www.youtube.com/watch?v=GVNjfg9Yrz0
532,SONG,[THROWBACK THURSDAY] Outkast - The Whole World,1640881635.0,1323,https://youtu.be/iOzS_vcGRkU
533,SONG,"[FRESH VIDEO] Desiigner - ""Oh Lord""",1641008261.0,2,https://www.youtube.com/watch?v=vcldcTSXdqs
534,SONG,[FRESH] Camp Lo - DAYDREAMING,1640928148.0,119,https://open.spotify.com/album/6O2Qs6dymHCGUelf9j5VjH?si=ZI9Ef2C-SMW9BOOoUs7avA&utm_source=copy-link
535,SONG,[FRESH] Mistah F.A.B. - Who Laughin Now,1640968375.0,13,https://www.youtube.com/watch?v=ldICOZLD6mg
536,SONG,"[FRESH] 1TakeJay x Rucci - I Do Dat [Prod. By Cypress Moreno, Paupa]",1640968735.0,14,https://www.youtube.com/watch?v=bgi8XVYdpng
537,SONG,[ORIGINAL] GlassKraken - Sunk (Picture Me Rollin' Freestyle),1640996266.0,3,https://soundcloud.com/glasskraken/consecutive-normal-punches-at?si=1fa3175bd2b74114977d0c12e9aaa51c&utm_source=clipboard&utm_medium=text&utm_campaign=social_sharing
540,SONG,[FRESH] Eli Drako - Alone Wolf (Official Music Video),1640989214.0,3,https://www.youtube.com/watch?v=iCLwgWnn5eY
542,SONG,[FRESH] MIKEM NAHMIR – MIDDLE NAME MACHO,1640968833.0,8,https://soundcloud.com/mikemnahmir/middlenamemacho
543,SONG,[FRESH] GMEBE Lil Chief Dinero - Prices (Official Video),1640996850.0,2,https://www.youtube.com/watch?v=PReXoIc35jo
544,SONG,"[FRESH VIDEO] SwitchOTR - Coming For You Remix Feat. Loski, OFB Bandokay & OFB Izzpot",1640958446.0,13,https://youtu.be/SGAtO_1afaU
545,SONG,[ORIGINAL] GlassKraken - Lil Tecca taught me how to give up,1640996201.0,2,https://soundcloud.com/glasskraken/lil-tecca-taught-me-how-to?si=522b83dad4e0416997623de980835fde&utm_source=clipboard&utm_medium=text&utm_campaign=social_sharing
546,SONG,[FRESH] Rucci x AzChike x Baby Stone Gorillas - 5Real,1640956005.0,14,https://m.youtube.com/watch?v=THsvd1cOnRo
549,SONG,[FRESH] Montana of 300 - The Last Dance,1640941748.0,26,https://open.spotify.com/track/6dq0O3c91WLpYqR2A6i6xq?si=a327bdfdd4234b55
550,SONG,[FRESH] Quelly Woo - Top Prospect (Album),1640942921.0,25,https://open.spotify.com/album/72qPtxdcAm3e94T3AWSJHv
553,SONG,[FRESH] MESSIAH! - SO MUCH HATE (feat. MAVI),1640929867.0,30,https://open.spotify.com/album/0EzaEQFfjnxPyQPIdw1YOr?si=_pd7J2pQQ5GHaOkVT-YqCg
556,SONG,[FRESH VIDEO] greenSLLIME - SLLIME'S BROKE ASS XMAS 2021,1640974162.0,0,https://youtu.be/kObW5DBVP4w?t=4085
562,SONG,[FRESH VIDEO] RJAE - In For The Night (NBA YoungBoy Artist),1640962106.0,3,https://youtu.be/nhKpRSd9ub8
565,SONG,"[THROWBACK THURSDAY] Tear It Up – Yung Wun feat. DMX, David Banner, Lil Flip",1640882894.0,112,https://youtu.be/mSk7fxjXWx0
566,SONG,[FRESH] Conway The Machine ft. 2 Chainz - TRU Bethel,1640858722.0,379,https://www.youtube.com/watch?v=VPWQpBM75ho
567,SONG,[FRESH] Mahlano Da'don - This is Mahlano Da'don,1640974437.0,1,https://open.spotify.com/playlist/37i9dQZF1DZ06evO3izk70?si=661d9246ba56412a
568,SONG,[FRESH] Necro - Chop into your Body,1640942826.0,5,https://open.spotify.com/album/3nheNrpQXfLi78WhfCwlj5?si=Nne3ks0_RmKC2WLxalznew&utm_source=copy-link
569,SONG,[THROWBACK THURSDAY] 213 - So Fly,1640896906.0,51,https://www.youtube.com/watch?v=5BzizXe_WWc
571,SONG,[FRESH VIDEO] Harry Mack - Best Harry Mack Freestyles Of 2021,1640971409.0,2,https://youtu.be/GtatjijvT4M
572,SONG,[THROWBACK THURSDAY] Amerie - Talkin’ to Me,1640900881.0,30,https://youtu.be/EKrcOOLpw64
574,SONG,[FRESH] Mula Gzz x Sheemy - Problems (Official Music Video),1640909217.0,11,https://www.youtube.com/watch?v=U3jeOFqw_Rg
575,SONG,[THROWBACK THURSDAY] Jon B - They Don't Know,1640893111.0,29,https://www.youtube.com/watch?v=U6Xs-dh83i4
576,SONG,"[THROWBACK THURSDAY] Kurupt - ""Mental"" ('90s Death Row era recording)",1640891025.0,20,https://www.youtube.com/watch?v=nReW6XSNuhg
580,SONG,[FRESH] C-BO - THE HUSTLER,1640893234.0,15,https://open.spotify.com/track/4wBcormcJ4thhp7O2cnAjP
583,SONG,[FRESH] Robb Bank$ - Hypnotized,1640893310.0,13,https://youtu.be/h4OPYLu0Ezk
584,SONG,"[THROWBACK THURSDAY] O.F.T.B., Kurupt, & Outlawz - ""Still A Mystery To Me (2Pac 96 Tribute)""",1640892100.0,12,https://www.youtube.com/watch?v=WSRqKQmXTAQ
585,SONG,[THROWBACK THURSDAY] Daz Dillinger - I'll Beacho Azz,1640885111.0,15,https://www.youtube.com/watch?v=oB2-XnDR3DY&ab_channel=DazDillinger-Topic
586,SONG,[FRESH VIDEO] Duku X Candela Cuore - MI AMOR NO ES UN CHISTE,1640900540.0,6,https://youtu.be/tyZctcrc504
587,SONG,[THROWBACK THURSDAY] Keith Murray - You Ain't Nobody (feat. Erick Sermon and Redman),1640897867.0,7,https://youtu.be/47FkfGhT3wY
589,SONG,[FRESH VIDEO] Panjabi MC - Barood Ft. Raf-Saperra,1640860336.0,39,https://www.youtube.com/watch?v=lZmRQ9OB3D4
590,SONG,[FRESH VIDEO] Lil Moh - thru yo hair,1640897914.0,3,https://www.reddit.com/r/hiphopheads/comments/rsc0py/fresh_video_lil_moh_thru_yo_hair/
591,SONG,[FRESH] Damon D - DON'T KNOW ME (huge vibes) (Aussie Hip Hop/Trap),1640929161.0,0,https://open.spotify.com/track/1Ul441WDAVtgltdyri26im?si=041Vs-W2SWWRIm95d2d8Wg&utm_source=copy-link
597,SONG,[FRESH] SHYHEIM x LIL VICIOUS - GIVE THANKS,1640898210.0,2,https://www.youtube.com/watch?v=c6DX2o9vdQ8
598,SONG,[ORIGINAL] ethan h - Swirling and Falling (Addiction and Depression. Alternative/hip-hop/Rap),1640910700.0,1,https://soundcloud.com/ethan-h-667876851/swirling-and-falling-mastered?si=06051c3848534b4aa5562187a3a89888&utm_source=clipboard&utm_medium=text&utm_campaign=social_sharing
602,SONG,[FRESH] C Blu - A Christmas Carol (feat. 26AR) (Official Video),1640854551.0,10,https://www.youtube.com/watch?v=yzDkjdpwAog
